{"genesis-settings":{"theme_version":"1.6.1","update":"1","update_email_address":"","header_right":"1","site_layout":"content-sidebar","nav":"1","nav_superfish":"1","nav_extras":"date","nav_extras_twitter_id":"","nav_extras_twitter_text":"","subnav_superfish":"1","comments_posts":"1","trackbacks_posts":"1","blog_cat":"0","blog_cat_exclude":"","blog_cat_num":"10","feed_uri":"","comments_feed_uri":"","breadcrumb_single":"1","breadcrumb_404":"1","content_archive":"full","content_archive_limit":"","image_size":"post-thumbnail","posts_nav":"numeric","header_scripts":"","footer_scripts":""}}